[{"id":"cbbd3f84-28de-4279-a798-86970bc86a93","x":659.09,"y":289.66,"z":1201,"type":"counter","counterValue":0,"dragging":null},{"label":"Reveal","type":"automationButton","y":238.23,"id":"639e56fd-0e7b-494f-b78f-2ee5f895dfce","z":1392,"x":1138.16,"clickRoutine":[{"func":"FLIP_CARDS","args":{"holders":{"type":"literal","value":["2e6f04a0-695e-40dd-9458-49419a74f7d4","f897123c-fc5c-4d31-aabd-3b5abd1690d8","78548e86-c653-4628-aebc-a4a2b7b23af5","b804b714-51b7-4e80-b67f-22af3ec9bee4","554c1b0c-f3af-45c9-9a15-f651310b8cd6","5e6ff192-533a-402d-9462-ac8d470b1c21","cf182364-d921-43e4-b119-5099ac260a91","de525e76-8dc6-47f8-8404-0600493933f0","4107a76d-ba61-4a10-ab8a-62ddf6db0893","b4c2cd31-8483-495d-aac1-f2c5b64de72d","81b09330-6ba6-4aca-b5fc-e0dd96695f0d","8f6a2a1f-d792-403b-937b-f900aa1db96c"]},"flipFace":{"type":"literal","value":"faceUp"}}}],"dragging":null},{"label":"Empty","type":"automationButton","y":148.67,"id":"e86f6f6e-4f2c-4916-aad6-2aa0493069aa","z":1202,"x":1235.36,"clickRoutine":[{"func":"CHANGE_COUNTER","args":{"counters":{"type":"literal","value":["cbbd3f84-28de-4279-a798-86970bc86a93"]},"changeMode":{"type":"literal","value":"set"}}}],"dragging":null},{"id":"bedad4f6-f958-47b8-9904-f284daa78515","x":977.35,"y":61.24,"z":84,"type":"cardPile","dragging":null},{"id":"b6ef79b0-5780-4088-b641-6723b4f13c37","x":1090.1,"y":511.26,"z":7028,"type":"counter","counterValue":454,"label":"Darien","dragging":null},{"id":"e60922a6-78d5-4195-bfb8-8dc8faf4a502","x":1127.24,"y":16.52,"z":1200,"type":"labelText","labelContent":"DEALER ONLY","textSize":30,"bold":true,"textAlign":"center","width":300,"dragging":null},{"id":"38d23db4-e0ca-4c65-bfa0-f9b5829b5b58","x":470.13,"y":508.22,"z":3373,"type":"counter","counterValue":0,"label":"Gerrit","dragging":null},{"label":"Bet 5","type":"automationButton","y":390.03,"id":"33afb920-425e-422c-9a30-869a01020029","z":1185,"x":1178.57,"clickRoutine":[{"func":"CHANGE_COUNTER","args":{"counters":{"type":"literal","value":["cbbd3f84-28de-4279-a798-86970bc86a93"]},"changeMode":{"type":"literal","value":"inc"},"changeNumber":{"type":"literal","value":5}}},{"func":"CHANGE_COUNTER","args":{"counters":{"type":"literal","value":["b6ef79b0-5780-4088-b641-6723b4f13c37"]},"changeMode":{"type":"literal","value":"dec"},"changeNumber":{"type":"literal","value":5}}}],"dragging":null},{"label":"Bet 1","type":"automationButton","y":391.13,"id":"d402d7a2-31b4-4923-b2da-25f07b7e6c44","z":1183,"x":466.48,"clickRoutine":[{"func":"CHANGE_COUNTER","args":{"counters":{"type":"literal","value":["cbbd3f84-28de-4279-a798-86970bc86a93"]},"changeMode":{"type":"literal","value":"inc"},"changeNumber":{"type":"literal","value":1}}},{"func":"CHANGE_COUNTER","args":{"counters":{"type":"literal","value":["38d23db4-e0ca-4c65-bfa0-f9b5829b5b58"]},"changeNumber":{"type":"literal","value":1},"changeMode":{"type":"literal","value":"dec"}}}],"dragging":null},{"id":"4484670a-84e0-4a00-9a77-f08d7f4fecdc","x":574.45,"y":251.35,"z":916,"type":"labelText","labelContent":"Pot","textSize":30,"bold":true,"textAlign":"center","width":300,"dragging":null},{"id":"d9cf51a7-b383-4d77-a4e9-fd2e921df080","x":264.93,"y":510.66,"z":11829,"type":"counter","counterValue":0,"label":"Ali","dragging":null},{"label":"Deal","type":"automationButton","y":55.85,"id":"6db9a68f-d44d-47a0-ade2-4c5831621009","x":1136.69,"z":14705,"clickRoutine":[{"func":"MOVE_CARDS_BETWEEN_HOLDERS","args":{"from":{"type":"literal","value":["bdbfe7c7-4fdb-4b47-9f4f-8c95924b3167"]},"to":{"type":"literal","value":["2e6f04a0-695e-40dd-9458-49419a74f7d4","f897123c-fc5c-4d31-aabd-3b5abd1690d8","78548e86-c653-4628-aebc-a4a2b7b23af5","b804b714-51b7-4e80-b67f-22af3ec9bee4","554c1b0c-f3af-45c9-9a15-f651310b8cd6","5e6ff192-533a-402d-9462-ac8d470b1c21","cf182364-d921-43e4-b119-5099ac260a91","de525e76-8dc6-47f8-8404-0600493933f0","4107a76d-ba61-4a10-ab8a-62ddf6db0893","b4c2cd31-8483-495d-aac1-f2c5b64de72d","81b09330-6ba6-4aca-b5fc-e0dd96695f0d","8f6a2a1f-d792-403b-937b-f900aa1db96c"]},"quantity":{"type":"literal","value":1},"moveFlip":{"type":"literal","value":"faceDown"}}}],"dragging":null},{"id":"088e39a6-6725-4ba3-8320-a6f1b9509690","x":307.91,"y":284.34,"z":14648,"type":"gamePiece","pieceType":"classic","color":"red","dragging":null},{"label":"Turn","type":"automationButton","y":53.7,"id":"b3e45ecd-ecbf-45ab-9ac2-113250b68d4c","x":1336.89,"z":14707,"clickRoutine":[{"func":"MOVE_CARDS_BETWEEN_HOLDERS","args":{"from":{"type":"literal","value":["bdbfe7c7-4fdb-4b47-9f4f-8c95924b3167"]},"to":{"type":"literal","value":["4b614295-18f0-4f01-82b9-4c3848d53c31"]},"quantity":{"type":"literal","value":1},"moveFlip":{"type":"literal","value":"faceUp"}}}],"dragging":null},{"label":"River","type":"automationButton","y":151.39,"id":"6dae5b8d-d348-443e-bb7e-f6e3e650d8bc","x":1134.84,"z":14708,"clickRoutine":[{"func":"MOVE_CARDS_BETWEEN_HOLDERS","args":{"from":{"type":"literal","value":["bdbfe7c7-4fdb-4b47-9f4f-8c95924b3167"]},"to":{"type":"literal","value":["bedad4f6-f958-47b8-9904-f284daa78515"]},"quantity":{"type":"literal","value":1},"moveFlip":{"type":"literal","value":"faceUp"}}}],"dragging":null},{"label":"Bet 5","type":"automationButton","y":391.12,"id":"d130f819-a030-408f-bc8d-3dde126889fa","z":1204,"x":145.39,"clickRoutine":[{"func":"CHANGE_COUNTER","args":{"counters":{"type":"literal","value":["cbbd3f84-28de-4279-a798-86970bc86a93"]},"changeMode":{"type":"literal","value":"inc"},"changeNumber":{"type":"literal","value":5}}},{"func":"CHANGE_COUNTER","args":{"counters":{"type":"literal","value":["96eeff59-d693-4a3c-8bf1-a9950bad3b7b"]},"changeMode":{"type":"literal","value":"dec"},"changeNumber":{"type":"literal","value":5}}}],"dragging":null},{"label":"Bet 5","type":"automationButton","y":392.21,"id":"9bb2f674-1b9b-4248-b405-f58c94ada502","z":1182,"x":351.8,"clickRoutine":[{"func":"CHANGE_COUNTER","args":{"counters":{"type":"literal","value":["cbbd3f84-28de-4279-a798-86970bc86a93"]},"changeMode":{"type":"literal","value":"inc"},"changeNumber":{"type":"literal","value":5}}},{"func":"CHANGE_COUNTER","args":{"counters":{"type":"literal","value":["d9cf51a7-b383-4d77-a4e9-fd2e921df080"]},"changeMode":{"type":"literal","value":"dec"},"changeNumber":{"type":"literal","value":5}}}],"dragging":null},{"label":"Flop","type":"automationButton","y":56.35,"id":"1919dbac-8b3f-416d-887a-99f7fc48f15a","x":1234.67,"z":14706,"clickRoutine":[{"func":"MOVE_CARDS_BETWEEN_HOLDERS","args":{"from":{"type":"literal","value":["bdbfe7c7-4fdb-4b47-9f4f-8c95924b3167"]},"to":{"type":"literal","value":["052572a8-120f-44f1-b6a1-63e6c61225dc","317416dd-218d-446b-bd2b-4368d93d4ae6","1ca1f384-abd0-4ccb-8199-d414af883cd4"]},"quantity":{"type":"literal","value":1},"moveFlip":{"type":"literal","value":"faceUp"}}}],"dragging":null},{"label":"Bet 1","type":"automationButton","y":388.94,"id":"0be7c3c6-434d-4190-8885-0d587d46cfad","z":1172,"x":878.23,"clickRoutine":[{"func":"CHANGE_COUNTER","args":{"counters":{"type":"literal","value":["cbbd3f84-28de-4279-a798-86970bc86a93"]},"changeMode":{"type":"literal","value":"inc"},"changeNumber":{"type":"literal","value":1}}},{"func":"CHANGE_COUNTER","args":{"counters":{"type":"literal","value":["4e6ec970-12b3-41e6-8f49-5b6d785a81d7"]},"changeNumber":{"type":"literal","value":1},"changeMode":{"type":"literal","value":"dec"}}}],"dragging":null},{"label":"Reset","type":"automationButton","y":151.95,"id":"39b9402c-6848-4f72-9054-e77e33ff1fab","z":1210,"x":1336.93,"clickRoutine":[{"func":"CHANGE_COUNTER","args":{"counters":{"type":"literal","value":["96eeff59-d693-4a3c-8bf1-a9950bad3b7b","d9cf51a7-b383-4d77-a4e9-fd2e921df080","38d23db4-e0ca-4c65-bfa0-f9b5829b5b58","8127dfe5-1054-4be7-86a7-2ccea93ab0b7","4e6ec970-12b3-41e6-8f49-5b6d785a81d7","b6ef79b0-5780-4088-b641-6723b4f13c37"]},"changeMode":{"type":"literal","value":"set"},"changeNumber":{"type":"literal","value":100}}},{"func":"CHANGE_COUNTER","args":{"counters":{"type":"literal","value":["cbbd3f84-28de-4279-a798-86970bc86a93"]}}}],"dragging":null},{"label":"Bet 5","type":"automationButton","y":395.49,"id":"b0e3f130-3e0d-4b9c-b3a6-f4a92a7b95ad","z":1170,"x":753.72,"clickRoutine":[{"func":"CHANGE_COUNTER","args":{"counters":{"type":"literal","value":["cbbd3f84-28de-4279-a798-86970bc86a93"]},"changeMode":{"type":"literal","value":"inc"},"changeNumber":{"type":"literal","value":5}}},{"func":"CHANGE_COUNTER","args":{"counters":{"type":"literal","value":["8127dfe5-1054-4be7-86a7-2ccea93ab0b7"]},"changeMode":{"type":"literal","value":"dec"},"changeNumber":{"type":"literal","value":5}}}],"dragging":null},{"id":"8908ba87-9e99-4389-a3bc-a560113bf98d","x":97.71,"y":301.58,"z":14434,"type":"gamePiece","pieceType":"checkers","color":"red","kinged":true,"dragging":null},{"id":"b804b714-51b7-4e80-b67f-22af3ec9bee4","x":303.76,"y":598.64,"z":13276,"type":"cardPile","allowPlayerEditLabel":true,"label":"40 for ben and 70 Darien","dragging":null},{"id":"b4c2cd31-8483-495d-aac1-f2c5b64de72d","x":927.37,"y":603,"z":1079,"type":"cardPile","allowPlayerEditLabel":true,"dragging":null},{"id":"554c1b0c-f3af-45c9-9a15-f651310b8cd6","x":480.68,"y":572.42,"z":1083,"type":"cardPile","allowPlayerEditLabel":true,"label":"34","dragging":null},{"id":"8f6a2a1f-d792-403b-937b-f900aa1db96c","x":1143.62,"y":605.19,"z":1077,"type":"cardPile","allowPlayerEditLabel":true,"dragging":null},{"label":"Bet 1","type":"automationButton","y":390.03,"id":"98c1d8e7-aea4-4450-aeca-c4916f146603","z":1176,"x":1091.19,"clickRoutine":[{"func":"CHANGE_COUNTER","args":{"counters":{"type":"literal","value":["cbbd3f84-28de-4279-a798-86970bc86a93"]},"changeMode":{"type":"literal","value":"inc"},"changeNumber":{"type":"literal","value":1}}},{"func":"CHANGE_COUNTER","args":{"counters":{"type":"literal","value":["b6ef79b0-5780-4088-b641-6723b4f13c37"]},"changeNumber":{"type":"literal","value":1},"changeMode":{"type":"literal","value":"dec"}}}],"dragging":null},{"id":"f897123c-fc5c-4d31-aabd-3b5abd1690d8","x":96.26,"y":599.73,"z":1089,"type":"cardPile","allowPlayerEditLabel":true,"dragging":null},{"label":"Bet 1","type":"automationButton","y":392.22,"id":"f374ac08-e2ac-440c-afa4-e1b6534cda4a","z":1181,"x":260.07,"clickRoutine":[{"func":"CHANGE_COUNTER","args":{"counters":{"type":"literal","value":["cbbd3f84-28de-4279-a798-86970bc86a93"]},"changeMode":{"type":"literal","value":"inc"},"changeNumber":{"type":"literal","value":1}}},{"func":"CHANGE_COUNTER","args":{"counters":{"type":"literal","value":["d9cf51a7-b383-4d77-a4e9-fd2e921df080"]},"changeMode":{"type":"literal","value":"dec"},"changeNumber":{"type":"literal","value":1}}}],"dragging":null},{"id":"4b614295-18f0-4f01-82b9-4c3848d53c31","x":821.59,"y":64.07,"z":83,"type":"cardPile","dragging":null},{"id":"5e6ff192-533a-402d-9462-ac8d470b1c21","x":511.26,"y":601.91,"z":1084,"type":"cardPile","allowPlayerEditLabel":true,"dragging":null},{"id":"cf182364-d921-43e4-b119-5099ac260a91","x":690.38,"y":572.42,"z":5512,"type":"cardPile","allowPlayerEditLabel":true,"label":"123","dragging":null},{"id":"81b09330-6ba6-4aca-b5fc-e0dd96695f0d","x":1099.41,"y":577.12,"z":5498,"type":"cardPile","allowPlayerEditLabel":true,"label":"514","dragging":null},{"id":"de525e76-8dc6-47f8-8404-0600493933f0","x":718.77,"y":606.28,"z":1082,"type":"cardPile","allowPlayerEditLabel":true,"dragging":null},{"id":"78548e86-c653-4628-aebc-a4a2b7b23af5","x":273.18,"y":568.05,"z":13277,"type":"cardPile","allowPlayerEditLabel":true,"label":"30 for Ethan and 20 for Matt","dragging":null},{"id":"1ca1f384-abd0-4ccb-8199-d414af883cd4","x":665.84,"y":61.24,"z":14649,"type":"cardPile","label":"","dragging":null},{"label":"Bet 5","type":"automationButton","y":390.03,"id":"ef786e49-1fff-4407-a803-a4555ffc2ee5","z":1206,"x":971.06,"clickRoutine":[{"func":"CHANGE_COUNTER","args":{"counters":{"type":"literal","value":["cbbd3f84-28de-4279-a798-86970bc86a93"]},"changeMode":{"type":"literal","value":"inc"},"changeNumber":{"type":"literal","value":5}}},{"func":"CHANGE_COUNTER","args":{"counters":{"type":"literal","value":["4e6ec970-12b3-41e6-8f49-5b6d785a81d7"]},"changeMode":{"type":"literal","value":"dec"},"changeNumber":{"type":"literal","value":5}}}],"dragging":null},{"id":"2e6f04a0-695e-40dd-9458-49419a74f7d4","x":62.38,"y":566.95,"z":1088,"type":"cardPile","allowPlayerEditLabel":true,"label":"204","dragging":null},{"label":"Bet 5","type":"automationButton","y":394.4,"id":"bba12334-200f-41e8-bac4-1996384298be","z":1184,"x":556.04,"clickRoutine":[{"func":"CHANGE_COUNTER","args":{"counters":{"type":"literal","value":["cbbd3f84-28de-4279-a798-86970bc86a93"]},"changeMode":{"type":"literal","value":"inc"},"changeNumber":{"type":"literal","value":5}}},{"func":"CHANGE_COUNTER","args":{"counters":{"type":"literal","value":["38d23db4-e0ca-4c65-bfa0-f9b5829b5b58"]},"changeMode":{"type":"literal","value":"dec"},"changeNumber":{"type":"literal","value":5}}}],"dragging":null},{"id":"96eeff59-d693-4a3c-8bf1-a9950bad3b7b","x":60.64,"y":505.19,"z":3378,"type":"counter","counterValue":145,"label":"Ethan","dragging":null},{"type":"cardPile","id":"052572a8-120f-44f1-b6a1-63e6c61225dc","x":361.24,"y":56.49,"z":2811,"dragging":null},{"id":"hand","type":"hand","x":50,"y":820,"z":1,"dragging":null},{"id":"4e6ec970-12b3-41e6-8f49-5b6d785a81d7","x":866.04,"y":508.68,"z":5511,"type":"counter","counterValue":0,"label":"Ben","dragging":null},{"id":"4107a76d-ba61-4a10-ab8a-62ddf6db0893","x":898.97,"y":571.33,"z":5507,"type":"cardPile","allowPlayerEditLabel":true,"dragging":null},{"label":"Bet 1","type":"automationButton","y":388.96,"id":"83b150a9-427a-4516-931b-b48da158fbe9","z":1205,"x":53.66,"clickRoutine":[{"func":"CHANGE_COUNTER","args":{"changeMode":{"type":"literal","value":"inc"},"changeNumber":{"type":"literal","value":1},"counters":{"type":"literal","value":["cbbd3f84-28de-4279-a798-86970bc86a93"]}}},{"func":"CHANGE_COUNTER","args":{"counters":{"type":"literal","value":["96eeff59-d693-4a3c-8bf1-a9950bad3b7b"]},"changeMode":{"type":"literal","value":"dec"},"changeNumber":{"type":"literal","value":1}}}],"dragging":null},{"label":"Bet 1","type":"automationButton","y":392.22,"id":"bd953dcd-9f5d-4e47-b73d-40072ef339c6","z":1168,"x":669.62,"clickRoutine":[{"func":"CHANGE_COUNTER","args":{"counters":{"type":"literal","value":["cbbd3f84-28de-4279-a798-86970bc86a93"]},"changeNumber":{"type":"literal","value":1},"changeMode":{"type":"literal","value":"inc"}}},{"func":"CHANGE_COUNTER","args":{"counters":{"type":"literal","value":["8127dfe5-1054-4be7-86a7-2ccea93ab0b7"]},"changeMode":{"type":"literal","value":"dec"},"changeNumber":{"type":"literal","value":1}}}],"dragging":null},{"id":"317416dd-218d-446b-bd2b-4368d93d4ae6","x":508.68,"y":59.82,"z":81,"type":"cardPile","dragging":null},{"id":"8127dfe5-1054-4be7-86a7-2ccea93ab0b7","x":666.96,"y":512.28,"z":3376,"type":"counter","counterValue":0,"label":"Matt","dragging":null},{"id":"bdbfe7c7-4fdb-4b47-9f4f-8c95924b3167","x":1456.43,"y":33.96,"z":14704,"type":"cardPile","hasShuffleButton":true,"dragging":null},{"id":"a2626e86-eaf2-4a5e-832b-62a0176cd732","x":1469.7,"y":74.19,"z":14651,"type":"cardDeck","parent":"bdbfe7c7-4fdb-4b47-9f4f-8c95924b3167","cardTypes":{"joker-black":{"label":"Black Joker","image":"/img/cards-french/joker-black.svg"},"joker-red":{"label":"Red Joker","image":"/img/cards-french/joker-red.svg"},"joker-blue":{"label":"Blue Joker","image":"/img/cards-french/joker-blue.svg"},"diamonds-a":{"label":"A of Diamonds","image":"/img/cards-french/diamonds-a.svg"},"diamonds-2":{"label":"2 of Diamonds","image":"/img/cards-french/diamonds-2.svg"},"diamonds-3":{"label":"3 of Diamonds","image":"/img/cards-french/diamonds-3.svg"},"diamonds-4":{"label":"4 of Diamonds","image":"/img/cards-french/diamonds-4.svg"},"diamonds-5":{"label":"5 of Diamonds","image":"/img/cards-french/diamonds-5.svg"},"diamonds-6":{"label":"6 of Diamonds","image":"/img/cards-french/diamonds-6.svg"},"diamonds-7":{"label":"7 of Diamonds","image":"/img/cards-french/diamonds-7.svg"},"diamonds-8":{"label":"8 of Diamonds","image":"/img/cards-french/diamonds-8.svg"},"diamonds-9":{"label":"9 of Diamonds","image":"/img/cards-french/diamonds-9.svg"},"diamonds-10":{"label":"10 of Diamonds","image":"/img/cards-french/diamonds-10.svg"},"diamonds-j":{"label":"J of Diamonds","image":"/img/cards-french/diamonds-j.svg"},"diamonds-q":{"label":"Q of Diamonds","image":"/img/cards-french/diamonds-q.svg"},"diamonds-k":{"label":"K of Diamonds","image":"/img/cards-french/diamonds-k.svg"},"hearts-a":{"label":"A of Hearts","image":"/img/cards-french/hearts-a.svg"},"hearts-2":{"label":"2 of Hearts","image":"/img/cards-french/hearts-2.svg"},"hearts-3":{"label":"3 of Hearts","image":"/img/cards-french/hearts-3.svg"},"hearts-4":{"label":"4 of Hearts","image":"/img/cards-french/hearts-4.svg"},"hearts-5":{"label":"5 of Hearts","image":"/img/cards-french/hearts-5.svg"},"hearts-6":{"label":"6 of Hearts","image":"/img/cards-french/hearts-6.svg"},"hearts-7":{"label":"7 of Hearts","image":"/img/cards-french/hearts-7.svg"},"hearts-8":{"label":"8 of Hearts","image":"/img/cards-french/hearts-8.svg"},"hearts-9":{"label":"9 of Hearts","image":"/img/cards-french/hearts-9.svg"},"hearts-10":{"label":"10 of Hearts","image":"/img/cards-french/hearts-10.svg"},"hearts-j":{"label":"J of Hearts","image":"/img/cards-french/hearts-j.svg"},"hearts-q":{"label":"Q of Hearts","image":"/img/cards-french/hearts-q.svg"},"hearts-k":{"label":"K of Hearts","image":"/img/cards-french/hearts-k.svg"},"spades-a":{"label":"A of Spades","image":"/img/cards-french/spades-a.svg"},"spades-2":{"label":"2 of Spades","image":"/img/cards-french/spades-2.svg"},"spades-3":{"label":"3 of Spades","image":"/img/cards-french/spades-3.svg"},"spades-4":{"label":"4 of Spades","image":"/img/cards-french/spades-4.svg"},"spades-5":{"label":"5 of Spades","image":"/img/cards-french/spades-5.svg"},"spades-6":{"label":"6 of Spades","image":"/img/cards-french/spades-6.svg"},"spades-7":{"label":"7 of Spades","image":"/img/cards-french/spades-7.svg"},"spades-8":{"label":"8 of Spades","image":"/img/cards-french/spades-8.svg"},"spades-9":{"label":"9 of Spades","image":"/img/cards-french/spades-9.svg"},"spades-10":{"label":"10 of Spades","image":"/img/cards-french/spades-10.svg"},"spades-j":{"label":"J of Spades","image":"/img/cards-french/spades-j.svg"},"spades-q":{"label":"Q of Spades","image":"/img/cards-french/spades-q.svg"},"spades-k":{"label":"K of Spades","image":"/img/cards-french/spades-k.svg"},"clubs-a":{"label":"A of Clubs","image":"/img/cards-french/clubs-a.svg"},"clubs-2":{"label":"2 of Clubs","image":"/img/cards-french/clubs-2.svg"},"clubs-3":{"label":"3 of Clubs","image":"/img/cards-french/clubs-3.svg"},"clubs-4":{"label":"4 of Clubs","image":"/img/cards-french/clubs-4.svg"},"clubs-5":{"label":"5 of Clubs","image":"/img/cards-french/clubs-5.svg"},"clubs-6":{"label":"6 of Clubs","image":"/img/cards-french/clubs-6.svg"},"clubs-7":{"label":"7 of Clubs","image":"/img/cards-french/clubs-7.svg"},"clubs-8":{"label":"8 of Clubs","image":"/img/cards-french/clubs-8.svg"},"clubs-9":{"label":"9 of Clubs","image":"/img/cards-french/clubs-9.svg"},"clubs-10":{"label":"10 of Clubs","image":"/img/cards-french/clubs-10.svg"},"clubs-j":{"label":"J of Clubs","image":"/img/cards-french/clubs-j.svg"},"clubs-q":{"label":"Q of Clubs","image":"/img/cards-french/clubs-q.svg"},"clubs-k":{"label":"K of Clubs","image":"/img/cards-french/clubs-k.svg"}},"faceTemplate":{"includeBorder":true,"includeRadius":true,"objects":[{"type":"image","x":0,"y":0,"w":103,"h":160,"color":"white","valueType":"dynamic","value":"image"}]},"backTemplate":{"includeBorder":false,"includeRadius":true,"objects":[{"type":"image","x":0,"y":0,"w":103,"h":160,"color":"#a23b2a","valueType":"static","value":"/img/cardback-red.svg"}]},"dragging":null},{"id":"b353bba5-9145-4e82-8190-5af21effbb28","x":1461.2,"y":37.19,"z":14652,"deck":"a2626e86-eaf2-4a5e-832b-62a0176cd732","parent":"bdbfe7c7-4fdb-4b47-9f4f-8c95924b3167","type":"card","cardType":"hearts-9","faceup":false},{"id":"fb333f2a-1fd4-440b-93f6-a523ac2361bf","x":1461.2,"y":37.19,"z":14653,"deck":"a2626e86-eaf2-4a5e-832b-62a0176cd732","parent":"bdbfe7c7-4fdb-4b47-9f4f-8c95924b3167","type":"card","cardType":"hearts-4","faceup":false},{"id":"ed3f0417-cb3d-4ad7-983a-2b029151ad00","x":1461.2,"y":37.19,"z":14654,"deck":"a2626e86-eaf2-4a5e-832b-62a0176cd732","parent":"bdbfe7c7-4fdb-4b47-9f4f-8c95924b3167","type":"card","cardType":"spades-j","faceup":false},{"id":"1c6afe26-75b0-44be-a5d8-332c3ec880ef","x":1461.2,"y":37.19,"z":14655,"deck":"a2626e86-eaf2-4a5e-832b-62a0176cd732","parent":"bdbfe7c7-4fdb-4b47-9f4f-8c95924b3167","type":"card","cardType":"clubs-3","faceup":false},{"id":"e8524752-6019-44cd-b32e-6118a0816131","x":1461.2,"y":37.19,"z":14656,"deck":"a2626e86-eaf2-4a5e-832b-62a0176cd732","parent":"bdbfe7c7-4fdb-4b47-9f4f-8c95924b3167","type":"card","cardType":"hearts-8","faceup":false},{"id":"adddabd6-7146-490c-b38f-f2d23abbb79e","x":1461.2,"y":37.19,"z":14657,"deck":"a2626e86-eaf2-4a5e-832b-62a0176cd732","parent":"bdbfe7c7-4fdb-4b47-9f4f-8c95924b3167","type":"card","cardType":"hearts-a","faceup":false},{"id":"e60a692b-feb2-4d36-b7d4-3aa0c778a831","x":1461.2,"y":37.19,"z":14658,"deck":"a2626e86-eaf2-4a5e-832b-62a0176cd732","parent":"bdbfe7c7-4fdb-4b47-9f4f-8c95924b3167","type":"card","cardType":"diamonds-2","faceup":false},{"id":"dce7e419-af50-47ca-8808-973bff69923a","x":1461.2,"y":37.19,"z":14659,"deck":"a2626e86-eaf2-4a5e-832b-62a0176cd732","parent":"bdbfe7c7-4fdb-4b47-9f4f-8c95924b3167","type":"card","cardType":"spades-9","faceup":false},{"id":"af51cecd-45bd-44eb-8529-5d9e2cc2c569","x":1461.2,"y":37.19,"z":14660,"deck":"a2626e86-eaf2-4a5e-832b-62a0176cd732","parent":"bdbfe7c7-4fdb-4b47-9f4f-8c95924b3167","type":"card","cardType":"spades-8","faceup":false},{"id":"c1832257-34ab-48b7-9e12-fe771517f61b","x":1461.2,"y":37.19,"z":14661,"deck":"a2626e86-eaf2-4a5e-832b-62a0176cd732","parent":"bdbfe7c7-4fdb-4b47-9f4f-8c95924b3167","type":"card","cardType":"diamonds-9","faceup":false},{"id":"c6d71e15-ab97-495f-bf9c-594c437caac4","x":1461.2,"y":37.19,"z":14662,"deck":"a2626e86-eaf2-4a5e-832b-62a0176cd732","parent":"bdbfe7c7-4fdb-4b47-9f4f-8c95924b3167","type":"card","cardType":"diamonds-4","faceup":false},{"id":"6dbc21a1-9689-4648-925b-80c8e3158aa2","x":1461.2,"y":37.19,"z":14663,"deck":"a2626e86-eaf2-4a5e-832b-62a0176cd732","parent":"bdbfe7c7-4fdb-4b47-9f4f-8c95924b3167","type":"card","cardType":"hearts-5","faceup":false},{"id":"d46f0a60-4879-4203-8707-31a650915ed6","x":1461.2,"y":37.19,"z":14664,"deck":"a2626e86-eaf2-4a5e-832b-62a0176cd732","parent":"bdbfe7c7-4fdb-4b47-9f4f-8c95924b3167","type":"card","cardType":"spades-2","faceup":false},{"id":"65888340-9a16-402f-9787-5ace772f655c","x":1461.2,"y":37.19,"z":14665,"deck":"a2626e86-eaf2-4a5e-832b-62a0176cd732","parent":"bdbfe7c7-4fdb-4b47-9f4f-8c95924b3167","type":"card","cardType":"clubs-6","faceup":false},{"id":"f4106f85-bcbf-40db-825f-0ac516bcda65","x":1461.2,"y":37.19,"z":14666,"deck":"a2626e86-eaf2-4a5e-832b-62a0176cd732","parent":"bdbfe7c7-4fdb-4b47-9f4f-8c95924b3167","type":"card","cardType":"diamonds-3","faceup":false},{"id":"886926e2-79e6-4890-8a86-28f7c9f0d450","x":1461.2,"y":37.19,"z":14667,"deck":"a2626e86-eaf2-4a5e-832b-62a0176cd732","parent":"bdbfe7c7-4fdb-4b47-9f4f-8c95924b3167","type":"card","cardType":"diamonds-5","faceup":false},{"id":"4051c8e7-3a24-4627-af0e-5edf81020d7a","x":1461.2,"y":37.19,"z":14668,"deck":"a2626e86-eaf2-4a5e-832b-62a0176cd732","parent":"bdbfe7c7-4fdb-4b47-9f4f-8c95924b3167","type":"card","cardType":"hearts-q","faceup":false},{"id":"da39d34e-b540-4b62-9742-606e5f6957a8","x":1461.2,"y":37.19,"z":14669,"deck":"a2626e86-eaf2-4a5e-832b-62a0176cd732","parent":"bdbfe7c7-4fdb-4b47-9f4f-8c95924b3167","type":"card","cardType":"hearts-6","faceup":false},{"id":"6f6fd13d-21d0-464f-9b1c-bae30f610d48","x":1461.2,"y":37.19,"z":14670,"deck":"a2626e86-eaf2-4a5e-832b-62a0176cd732","parent":"bdbfe7c7-4fdb-4b47-9f4f-8c95924b3167","type":"card","cardType":"diamonds-6","faceup":false},{"id":"0bd18fb1-1c20-4e65-b791-b3cca990fd5a","x":1461.2,"y":37.19,"z":14671,"deck":"a2626e86-eaf2-4a5e-832b-62a0176cd732","parent":"bdbfe7c7-4fdb-4b47-9f4f-8c95924b3167","type":"card","cardType":"clubs-8","faceup":false},{"id":"04247188-07f8-47aa-8456-c24c84692cde","x":1461.2,"y":37.19,"z":14672,"deck":"a2626e86-eaf2-4a5e-832b-62a0176cd732","parent":"bdbfe7c7-4fdb-4b47-9f4f-8c95924b3167","type":"card","cardType":"diamonds-7","faceup":false},{"id":"04b48164-215a-43b9-bfd2-22b814fbbfa7","x":1461.2,"y":37.19,"z":14673,"deck":"a2626e86-eaf2-4a5e-832b-62a0176cd732","parent":"bdbfe7c7-4fdb-4b47-9f4f-8c95924b3167","type":"card","cardType":"hearts-j","faceup":false},{"id":"dd8cd176-3c14-496b-9804-c706fcfcccf5","x":1461.2,"y":37.19,"z":14674,"deck":"a2626e86-eaf2-4a5e-832b-62a0176cd732","parent":"bdbfe7c7-4fdb-4b47-9f4f-8c95924b3167","type":"card","cardType":"diamonds-k","faceup":false},{"id":"10e44cfc-bb3c-4f56-b9d7-abdfdaa5cb85","x":1461.2,"y":37.19,"z":14675,"deck":"a2626e86-eaf2-4a5e-832b-62a0176cd732","parent":"bdbfe7c7-4fdb-4b47-9f4f-8c95924b3167","type":"card","cardType":"clubs-k","faceup":false},{"id":"e4ac49a4-a315-476b-ace4-d044c28b8427","x":1461.2,"y":37.19,"z":14676,"deck":"a2626e86-eaf2-4a5e-832b-62a0176cd732","parent":"bdbfe7c7-4fdb-4b47-9f4f-8c95924b3167","type":"card","cardType":"spades-7","faceup":false},{"id":"f8aef087-8f58-4272-8789-f4b8b91d651d","x":1461.2,"y":37.19,"z":14677,"deck":"a2626e86-eaf2-4a5e-832b-62a0176cd732","parent":"bdbfe7c7-4fdb-4b47-9f4f-8c95924b3167","type":"card","cardType":"hearts-3","faceup":false},{"id":"caf4d4cb-484e-427e-adbd-fcec727225a6","x":1461.2,"y":37.19,"z":14678,"deck":"a2626e86-eaf2-4a5e-832b-62a0176cd732","parent":"bdbfe7c7-4fdb-4b47-9f4f-8c95924b3167","type":"card","cardType":"spades-q","faceup":false},{"id":"5222c782-9931-4b69-81a3-9df511ba05c8","x":1461.2,"y":37.19,"z":14679,"deck":"a2626e86-eaf2-4a5e-832b-62a0176cd732","parent":"bdbfe7c7-4fdb-4b47-9f4f-8c95924b3167","type":"card","cardType":"diamonds-a","faceup":false},{"id":"7cd3819a-3314-4b79-95e1-7b608fac9762","x":1461.2,"y":37.19,"z":14680,"deck":"a2626e86-eaf2-4a5e-832b-62a0176cd732","parent":"bdbfe7c7-4fdb-4b47-9f4f-8c95924b3167","type":"card","cardType":"clubs-q","faceup":false},{"id":"78610e58-2d20-4dcb-9583-7437ad7f2f57","x":1461.2,"y":37.19,"z":14681,"deck":"a2626e86-eaf2-4a5e-832b-62a0176cd732","parent":"bdbfe7c7-4fdb-4b47-9f4f-8c95924b3167","type":"card","cardType":"clubs-10","faceup":false},{"id":"69ce7bb2-bb15-46c6-a43b-e68d278822fc","x":1461.2,"y":37.19,"z":14682,"deck":"a2626e86-eaf2-4a5e-832b-62a0176cd732","parent":"bdbfe7c7-4fdb-4b47-9f4f-8c95924b3167","type":"card","cardType":"clubs-9","faceup":false},{"id":"2fe6b830-2858-413f-a877-219352e36f2b","x":1461.2,"y":37.19,"z":14683,"deck":"a2626e86-eaf2-4a5e-832b-62a0176cd732","parent":"bdbfe7c7-4fdb-4b47-9f4f-8c95924b3167","type":"card","cardType":"clubs-5","faceup":false},{"id":"290669c6-54c7-4c09-9a26-01fe4d71bbc0","x":1461.2,"y":37.19,"z":14684,"deck":"a2626e86-eaf2-4a5e-832b-62a0176cd732","parent":"bdbfe7c7-4fdb-4b47-9f4f-8c95924b3167","type":"card","cardType":"spades-5","faceup":false},{"id":"5656267f-d19a-40b7-a08c-e60446fc4418","x":1461.2,"y":37.19,"z":14685,"deck":"a2626e86-eaf2-4a5e-832b-62a0176cd732","parent":"bdbfe7c7-4fdb-4b47-9f4f-8c95924b3167","type":"card","cardType":"hearts-2","faceup":false},{"id":"0a71b9bf-ff80-43ba-902e-e897b73e1f69","x":1461.2,"y":37.19,"z":14686,"deck":"a2626e86-eaf2-4a5e-832b-62a0176cd732","parent":"bdbfe7c7-4fdb-4b47-9f4f-8c95924b3167","type":"card","cardType":"spades-10","faceup":false},{"id":"a5911bdc-8565-4561-a821-fec7a1ecfa71","x":981.35,"y":65.24,"z":14725,"deck":"a2626e86-eaf2-4a5e-832b-62a0176cd732","parent":"bedad4f6-f958-47b8-9904-f284daa78515","type":"card","cardType":"clubs-a","faceup":true},{"id":"df44d8c1-e6a9-45fe-9523-4d3ee76bb841","x":825.59,"y":68.07,"z":14724,"deck":"a2626e86-eaf2-4a5e-832b-62a0176cd732","parent":"4b614295-18f0-4f01-82b9-4c3848d53c31","type":"card","cardType":"spades-k","faceup":true},{"id":"46a150c8-a291-4901-92fb-398b0d35eeb9","x":365.24,"y":60.49,"z":14721,"deck":"a2626e86-eaf2-4a5e-832b-62a0176cd732","parent":"052572a8-120f-44f1-b6a1-63e6c61225dc","type":"card","cardType":"hearts-10","faceup":true},{"id":"94dc7ca4-1864-42c9-a41a-978205534a57","x":512.68,"y":63.82,"z":14722,"deck":"a2626e86-eaf2-4a5e-832b-62a0176cd732","parent":"317416dd-218d-446b-bd2b-4368d93d4ae6","type":"card","cardType":"clubs-4","faceup":true},{"id":"90b59e11-6572-405c-8698-d6a26265f305","x":669.84,"y":65.24,"z":14723,"deck":"a2626e86-eaf2-4a5e-832b-62a0176cd732","parent":"1ca1f384-abd0-4ccb-8199-d414af883cd4","type":"card","cardType":"clubs-2","faceup":true},{"id":"86ba3887-54c5-4178-b5f9-9856b38f9877","x":66.38,"y":570.95,"z":14726,"deck":"a2626e86-eaf2-4a5e-832b-62a0176cd732","parent":"2e6f04a0-695e-40dd-9458-49419a74f7d4","type":"card","cardType":"spades-4","faceup":true,"dragging":null,"owner":null},{"id":"e2f81209-ddb8-49b5-a71b-26f3c8d8ae97","x":100.26,"y":603.73,"z":14728,"deck":"a2626e86-eaf2-4a5e-832b-62a0176cd732","parent":"f897123c-fc5c-4d31-aabd-3b5abd1690d8","type":"card","cardType":"hearts-7","faceup":true,"dragging":null,"owner":null},{"id":"95819dbd-9281-4301-94f1-84e99b54d1ca","x":277.18,"y":572.05,"z":14711,"deck":"a2626e86-eaf2-4a5e-832b-62a0176cd732","parent":"78548e86-c653-4628-aebc-a4a2b7b23af5","type":"card","cardType":"spades-a","faceup":true},{"id":"07f54121-db2c-4d80-9294-c0015f5bd5a6","x":307.76,"y":602.64,"z":14712,"deck":"a2626e86-eaf2-4a5e-832b-62a0176cd732","parent":"b804b714-51b7-4e80-b67f-22af3ec9bee4","type":"card","cardType":"spades-3","faceup":true},{"id":"8ed07ea8-e061-40f7-bb32-6fdbec8f463d","x":484.68,"y":576.42,"z":14713,"deck":"a2626e86-eaf2-4a5e-832b-62a0176cd732","parent":"554c1b0c-f3af-45c9-9a15-f651310b8cd6","type":"card","cardType":"diamonds-j","faceup":true},{"id":"43d5f7d6-a100-450e-8b18-2905f099c480","x":515.26,"y":605.91,"z":14714,"deck":"a2626e86-eaf2-4a5e-832b-62a0176cd732","parent":"5e6ff192-533a-402d-9462-ac8d470b1c21","type":"card","cardType":"clubs-j","faceup":true},{"id":"afed44d7-ef62-4516-b7d8-cfee1bf8c60a","x":694.38,"y":576.42,"z":14715,"deck":"a2626e86-eaf2-4a5e-832b-62a0176cd732","parent":"cf182364-d921-43e4-b119-5099ac260a91","type":"card","cardType":"spades-6","faceup":true},{"id":"1cf0c8e8-448b-4cec-8630-444c209ec207","x":722.77,"y":610.28,"z":14716,"deck":"a2626e86-eaf2-4a5e-832b-62a0176cd732","parent":"de525e76-8dc6-47f8-8404-0600493933f0","type":"card","cardType":"diamonds-q","faceup":true},{"id":"e175d8e7-defa-455c-8ab2-dc554002f45f","x":902.97,"y":575.33,"z":14717,"deck":"a2626e86-eaf2-4a5e-832b-62a0176cd732","parent":"4107a76d-ba61-4a10-ab8a-62ddf6db0893","type":"card","cardType":"diamonds-8","faceup":true},{"id":"07f2dd71-0d93-4400-9c5a-5847fdfe167f","x":931.37,"y":607,"z":14718,"deck":"a2626e86-eaf2-4a5e-832b-62a0176cd732","parent":"b4c2cd31-8483-495d-aac1-f2c5b64de72d","type":"card","cardType":"clubs-7","faceup":true},{"id":"d1243d10-00c3-4bfe-b7a7-b2cf8cdf7adf","x":1103.41,"y":581.12,"z":14719,"deck":"a2626e86-eaf2-4a5e-832b-62a0176cd732","parent":"81b09330-6ba6-4aca-b5fc-e0dd96695f0d","type":"card","cardType":"hearts-k","faceup":true},{"id":"9710a6e4-3c35-4f55-a2e4-eb849a7d91e3","x":1147.62,"y":609.19,"z":14720,"deck":"a2626e86-eaf2-4a5e-832b-62a0176cd732","parent":"8f6a2a1f-d792-403b-937b-f900aa1db96c","type":"card","cardType":"diamonds-10","faceup":true}]